,縣市別,年份,調查站_座標_經度,調查站_座標_緯度,總計_流量(PCU)
6258,新北市,110,121.50382,25.0502347,77120
6259,新北市,110,121.50382,25.0502347,78295
6260,新北市,110,121.4546055,25.060429,26466
6261,新北市,110,121.4546055,25.060429,17059
6262,新北市,110,121.453437,25.0605974,21693
6263,新北市,110,121.453437,25.0605974,29935
6264,新北市,110,121.4208484,25.0321823,26007
6265,新北市,110,121.4208484,25.0321823,24178
6266,桃園市,110,121.4055728,25.018181,36344
6267,桃園市,110,121.4055728,25.018181,32799
6268,桃園市,110,121.363976,25.0010016,16904
6269,桃園市,110,121.363976,25.0010016,11391
6270,桃園市,110,121.3326617,24.9971367,30274
6271,桃園市,110,121.3326617,24.9971367,31573
6272,桃園市,110,121.2695349,24.97744428,28049
6273,桃園市,110,121.2695349,24.97744428,33273
6274,桃園市,110,121.2316567,24.96367972,31686
6275,桃園市,110,121.2316567,24.96367972,28092
6276,桃園市,110,121.206437,24.94934868,13824
6277,桃園市,110,121.206437,24.94934868,14978
6278,桃園市,110,121.187577,24.923261,19949
6279,桃園市,110,121.187577,24.923261,23152
6280,桃園市,110,121.145381,24.90690599,14962
6281,桃園市,110,121.145381,24.90690599,15930
6282,新竹縣,110,121.0864895,24.8877403,7387
6283,新竹縣,110,121.0864895,24.8877403,6911
6284,新竹縣,110,121.0381867,24.8798273,6093
6285,新竹縣,110,121.0381867,24.8798273,5958
6286,新竹縣,110,121.006487,24.87918276,20461
6287,新竹縣,110,121.006487,24.87918276,24972
6288,新竹縣,110,121.0037085,24.8534749,30160
6289,新竹縣,110,121.0037085,24.8534749,29914
6290,新竹縣,110,121.0052924,24.8381254,17853
6291,新竹縣,110,121.0052924,24.8381254,22309
6292,新竹縣,110,121.0023159,24.8311828,22943
6293,新竹縣,110,121.0023159,24.8311828,24064
6294,新竹縣,110,120.9976118,24.8254322,27726
6295,新竹縣,110,120.9976118,24.8254322,46897
6296,新竹市,110,120.9670968,24.8135906,19109
6297,新竹市,110,120.9670968,24.8135906,17686
6298,新竹市,110,120.9371119,24.790729,16468
6299,新竹市,110,120.9371119,24.790729,16017
6300,新竹縣,110,120.9159139,24.73121099,9601
6301,新竹縣,110,120.9159139,24.73121099,9444
6302,新北市,110,121.5046668,25.0640399,49141
6303,新北市,110,121.5046668,25.0640399,49413
6304,新北市,110,121.4881359,25.057524,24107
6305,新北市,110,121.4881359,25.057524,21177
6306,新北市,110,121.4485624,25.0352992,32973
6307,新北市,110,121.4485624,25.0352992,31243
6308,桃園市,110,121.3694876,25.00744311,8420
6309,桃園市,110,121.3694876,25.00744311,15065
6310,桃園市,110,121.3217935,24.9916988,26424
6311,桃園市,110,121.3217935,24.9916988,26973
6312,桃園市,110,121.3046973,24.98980825,19905
6313,桃園市,110,121.3046973,24.98980825,18819
6314,新北市,110,121.4597602,25.1350839,62134
6315,新北市,110,121.4597602,25.1350839,61889
6316,新北市,110,121.4592507,25.15683276,58539
6317,新北市,110,121.4592507,25.15683276,57572
6318,新北市,110,121.4577965,25.17458668,35831
6319,新北市,110,121.4577965,25.17458668,36317
6320,新北市,110,121.4502011,25.18237753,29889
6321,新北市,110,121.4502011,25.18237753,32395
6322,新北市,110,121.448075,25.19957192,20056
6323,新北市,110,121.448075,25.19957192,20719
6324,新北市,110,121.4960354,25.2598649,13018
6325,新北市,110,121.4960354,25.2598649,13401
6326,新北市,110,121.5646332,25.29093356,6754
6327,新北市,110,121.5646332,25.29093356,7208
6328,新北市,110,121.6482901,25.2113215,12267
6329,新北市,110,121.6482901,25.2113215,12153
6330,新北市,110,121.6775462,25.2004511,10959
6331,新北市,110,121.6775462,25.2004511,11029
6332,新北市,110,121.6919875,25.17978924,11761
6333,新北市,110,121.6919875,25.17978924,12592
6334,基隆市,110,121.6998118,25.1489634,20514
6335,基隆市,110,121.6998118,25.1489634,20675
6336,基隆市,110,121.7836201,25.1461204,9297
6337,基隆市,110,121.7836201,25.1461204,9111
6338,新北市,110,121.8232635,25.1210315,12019
6339,新北市,110,121.8232635,25.1210315,11805
6340,新北市,110,121.9144739,25.0794757,6992
6341,新北市,110,121.9144739,25.0794757,7605
6342,新北市,110,121.9456796,25.0168814,7753
6343,新北市,110,121.9456796,25.0168814,7953
6344,新北市,110,121.6139945,25.2180367,2604
6345,新北市,110,121.6139945,25.2180367,2721
6346,新北市,110,121.4564526,25.159121,23663
6347,新北市,110,121.4564526,25.159121,22301
6348,新北市,110,121.4395705,25.1726635,12813
6349,新北市,110,121.4395705,25.1726635,8303
6350,基隆市,110,121.7359,25.101985,9981
6351,基隆市,110,121.7359,25.101985,9582
6352,新北市,110,121.7724219,25.0529926,3249
6353,新北市,110,121.7724219,25.0529926,3342
6354,新北市,110,121.7795574,25.0332684,3184
6355,新北市,110,121.7795574,25.0332684,3119
6356,新北市,110,121.849459,25.0351064,2999
6357,新北市,110,121.849459,25.0351064,3232
6358,新北市,110,121.8881015,25.0236458,2061
6359,新北市,110,121.8881015,25.0236458,2143
6360,新北市,110,121.7951567,25.1103365,4771
6361,新北市,110,121.7951567,25.1103365,4957
6362,新北市,110,121.4871001,25.03574,51515
6363,新北市,110,121.4871001,25.03574,49338
6364,新北市,110,121.4463545,24.9891249,14230
6365,新北市,110,121.4463545,24.9891249,14444
6366,新北市,110,121.4251421,24.9626666,17401
6367,新北市,110,121.4251421,24.9626666,15368
6368,新北市,110,121.3955455,24.9387691,5307
6369,新北市,110,121.3955455,24.9387691,4237
6370,新北市,110,121.3748819,24.9302055,9832
6371,新北市,110,121.3748819,24.9302055,10535
6372,桃園市,110,121.3005358,24.893891,5242
6373,桃園市,110,121.3005358,24.893891,5334
6374,桃園市,110,121.2823251,24.8898128,20262
6375,桃園市,110,121.2823251,24.8898128,20844
6376,桃園市,110,121.2789928,24.8937621,20641
6377,桃園市,110,121.2789928,24.8937621,21377
6378,桃園市,110,121.2740265,24.8922752,17099
6379,桃園市,110,121.2740265,24.8922752,19039
6380,桃園市,110,121.2581342,24.87898126,6504
6381,桃園市,110,121.2581342,24.87898126,6332
6382,桃園市,110,121.2173919,24.8678327,10887
6383,桃園市,110,121.2173919,24.8678327,11507
6384,桃園市,110,121.2061443,24.8286136,7264
6385,桃園市,110,121.2061443,24.8286136,6812
6386,新竹縣,110,121.1711002,24.7610714,5076
6387,新竹縣,110,121.1711002,24.7610714,4980
6388,新竹縣,110,121.1094657,24.7216969,10180
6389,新竹縣,110,121.1094657,24.7216969,10328
6390,新竹縣,110,121.0819267,24.7251361,7834
6391,新竹縣,110,121.0819267,24.7251361,8318
6392,新竹縣,110,121.022533,24.68663771,2929
6393,新竹縣,110,121.022533,24.68663771,2961
6394,桃園市,110,121.264314,24.8781673,8592
6395,桃園市,110,121.264314,24.8781673,8807
6396,桃園市,110,121.241482,24.82735192,6848
6397,桃園市,110,121.241482,24.82735192,7239
6398,桃園市,110,121.207188,24.8259543,6398
6399,桃園市,110,121.207188,24.8259543,6585
6400,桃園市,110,121.2672056,25.0622992,9959
6401,桃園市,110,121.2672056,25.0622992,14281
6402,桃園市,110,121.3026643,25.03269078,35286
6403,桃園市,110,121.3026643,25.03269078,22196
6404,桃園市,110,121.3070198,24.9980593,26764
6405,桃園市,110,121.3070198,24.9980593,24149
6406,桃園市,110,121.2976364,24.94841489,18216
6407,桃園市,110,121.2976364,24.94841489,18252
6408,桃園市,110,121.2919892,24.91907526,16536
6409,桃園市,110,121.2919892,24.91907526,15368
6410,桃園市,110,121.2790528,24.88720177,8316
6411,桃園市,110,121.2790528,24.88720177,7925
6412,桃園市,110,121.2792997,24.87428928,7183
6413,桃園市,110,121.2792997,24.87428928,6526
6414,桃園市,110,121.28302,24.8567343,6542
6415,桃園市,110,121.28302,24.8567343,6826
6416,桃園市,110,121.2543767,24.82404711,4486
6417,桃園市,110,121.2543767,24.82404711,4213
6418,新北市,110,121.6223121,25.05502379,32983
6419,新北市,110,121.6223121,25.05502379,40878
6420,新北市,110,121.630835,25.05501725,25659
6421,新北市,110,121.630835,25.05501725,35807
6422,新北市,110,121.6464207,25.061042,30675
6423,新北市,110,121.6464207,25.061042,27805
6424,新北市,110,121.6747217,25.0654759,13638
6425,新北市,110,121.6747217,25.0654759,13410
6426,基隆市,110,121.7037302,25.0825468,15186
6427,基隆市,110,121.7037302,25.0825468,14634
6428,基隆市,110,121.7406021,25.11321725,13839
6429,基隆市,110,121.7406021,25.11321725,14908
6430,新北市,110,121.635721,25.058007,19847
6431,新北市,110,121.635721,25.058007,24401
6432,新北市,110,121.6608425,25.0683647,17711
6433,新北市,110,121.6608425,25.0683647,18007
6434,基隆市,110,121.6906202,25.07802703,5807
6435,基隆市,110,121.6906202,25.07802703,6984
6436,桃園市,110,121.2896372,24.8431199,5746
6437,桃園市,110,121.2896372,24.8431199,5559
6438,桃園市,110,121.3058923,24.83050641,4459
6439,桃園市,110,121.3058923,24.83050641,4357
6440,桃園市,110,121.3313805,24.8313867,3905
6441,桃園市,110,121.3313805,24.8313867,3853
6442,桃園市,110,121.3658223,24.7924654,1270
6443,桃園市,110,121.3658223,24.7924654,1355
6444,桃園市,110,121.3867013,24.6786316,779
6445,桃園市,110,121.3867013,24.6786316,859
6446,新北市,110,121.3769403,24.8841433,3444
6447,新北市,110,121.3769403,24.8841433,3664
6448,桃園市,110,121.3309586,24.8352553,1484
6449,桃園市,110,121.3309586,24.8352553,1516
6450,新北市,110,121.5413866,24.9826974,28031
6451,新北市,110,121.5413866,24.9826974,23900
6452,新北市,110,121.5433534,24.9530511,19677
6453,新北市,110,121.5433534,24.9530511,20241
6454,新北市,110,121.5584345,24.9541564,6198
6455,新北市,110,121.5584345,24.9541564,6517
6456,新北市,110,121.6323147,24.9519425,1993
6457,新北市,110,121.6323147,24.9519425,2050
6458,新北市,110,121.7110644,24.9340629,2649
6459,新北市,110,121.7110644,24.9340629,2277
6460,新北市,110,121.7199145,24.9023915,2001
6461,新北市,110,121.7199145,24.9023915,1484
6462,新北市,110,121.5460269,24.9496056,7935
6463,新北市,110,121.5460269,24.9496056,8240
6464,新北市,110,121.5496667,24.8907321,3540
6465,新北市,110,121.5496667,24.8907321,3458
6466,新竹市,110,120.9062679,24.7397901,5664
6467,新竹市,110,120.9062679,24.7397901,6545
6468,新北市,110,121.4570407,25.12557342,44896
6469,新北市,110,121.4570407,25.12557342,43443
6470,新北市,110,121.4464343,25.14571949,15749
6471,新北市,110,121.4464343,25.14571949,16623
6472,新北市,110,121.3970245,25.1446493,6946
6473,新北市,110,121.3970245,25.1446493,17179
6474,新北市,110,121.3922654,25.14318472,8920
6475,新北市,110,121.3922654,25.14318472,8330
6476,桃園市,110,121.2529193,25.1113927,7373
6477,桃園市,110,121.2529193,25.1113927,6939
6478,桃園市,110,121.2098125,25.07974943,3077
6479,桃園市,110,121.2098125,25.07974943,2759
6480,桃園市,110,121.1832806,25.0652662,21307
6481,桃園市,110,121.1832806,25.0652662,21458
6482,桃園市,110,121.0685559,25.02974102,4302
6483,桃園市,110,121.0685559,25.02974102,4748
6484,桃園市,110,121.0274337,24.9847461,3645
6485,桃園市,110,121.0274337,24.9847461,3609
6486,新竹縣,110,120.9742392,24.90479975,4011
6487,新竹縣,110,120.9742392,24.90479975,4014
6488,新竹縣,110,120.9349179,24.84337054,16339
6489,新竹縣,110,120.9349179,24.84337054,15425
6490,桃園市,110,121.235854,25.10726734,3579
6491,桃園市,110,121.235854,25.10726734,4020
6492,桃園市,110,121.2299506,25.02832151,29084
6493,桃園市,110,121.2299506,25.02832151,21527
6494,桃園市,110,121.2139269,25.0041966,10575
6495,桃園市,110,121.2139269,25.0041966,8731
6496,桃園市,110,121.1487422,24.95543981,10492
6497,桃園市,110,121.1487422,24.95543981,10112
6498,桃園市,110,121.1211259,24.9428382,8182
6499,桃園市,110,121.1211259,24.9428382,7736
6500,新竹縣,110,121.074146,24.88923325,2530
6501,新竹縣,110,121.074146,24.88923325,2782
6502,新北市,110,121.3604927,25.1334903,16470
6503,新北市,110,121.3604927,25.1334903,15321
6504,桃園市,110,121.2429991,25.1125658,14529
6505,桃園市,110,121.2429991,25.1125658,13757
6506,桃園市,110,121.2402977,25.11198426,1722
6507,桃園市,110,121.2402977,25.11198426,983
6508,桃園市,110,121.1841291,25.0860738,13376
6509,桃園市,110,121.1841291,25.0860738,13218
6510,桃園市,110,121.1829317,25.0851628,5156
6511,桃園市,110,121.1829317,25.0851628,4697
6512,桃園市,110,121.0605435,25.0352814,13500
6513,桃園市,110,121.0605435,25.0352814,13257
6514,桃園市,110,121.0530387,25.028513,4176
6515,桃園市,110,121.0530387,25.028513,3687
6516,桃園市,110,121.0236116,24.9946492,12029
6517,桃園市,110,121.0236116,24.9946492,6309
6518,桃園市,110,121.0206387,24.987518,734
6519,桃園市,110,121.0206387,24.987518,877
6520,新竹縣,110,120.9540645,24.8760104,11402
6521,新竹縣,110,120.9540645,24.8760104,14217
6522,新竹縣,110,120.9197396,24.7948427,10362
6523,新竹縣,110,120.9197396,24.7948427,10190
6524,新竹縣,110,120.8971985,24.7435566,6212
6525,新竹縣,110,120.8971985,24.7435566,6984
6526,新竹縣,110,120.8851625,24.7362465,6589
6527,新竹縣,110,120.8851625,24.7362465,7146
6528,新竹縣,110,120.8999313,24.7420147,5721
6529,新竹縣,110,120.8999313,24.7420147,6018
6530,新北市,110,121.3794674,25.1429506,7727
6531,新北市,110,121.3794674,25.1429506,11407
6532,新北市,110,121.6970945,25.1274993,9332
6533,新北市,110,121.6970945,25.1274993,9625
6534,基隆市,110,121.6958127,25.11764143,17751
6535,基隆市,110,121.6958127,25.11764143,19696
6536,新北市,110,121.726689,25.1047771,33135
6537,新北市,110,121.726689,25.1047771,29831
6538,新北市,110,121.762717,25.1078785,29696
6539,新北市,110,121.762717,25.1078785,30749
6540,基隆市,110,121.7793061,25.1103964,19839
6541,基隆市,110,121.7793061,25.1103964,19166
6542,新北市,110,121.807222,25.1186533,9850
6543,新北市,110,121.807222,25.1186533,10458
6544,新北市,110,121.7673407,25.1366876,5534
6545,新北市,110,121.7673407,25.1366876,5567
6546,新北市,110,121.7792228,25.1245171,10480
6547,新北市,110,121.7792228,25.1245171,10135
6548,新北市,110,175.0,27.8154,"8,845"
6549,新北市,110,175.0,27.8154,"15,973"
6550,新北市,110,121.4238489,25.1109394,26314
6551,新北市,110,121.4238489,25.1109394,24178
6552,新北市,110,121.435211,25.1070913,27881
6553,新北市,110,121.435211,25.1070913,25928
6554,新北市,110,121.4476148,25.0877289,36901
6555,新北市,110,121.4476148,25.0877289,30726
6556,新北市,110,121.4776718,25.0542323,34223
6557,新北市,110,121.4776718,25.0542323,37700
6558,新北市,110,121.4727143,25.0161811,51958
6559,新北市,110,121.4727143,25.0161811,55340
6560,新北市,110,121.4416258,25.059329,35860
6561,新北市,110,121.4416258,25.059329,36919
6562,新北市,110,121.4420533,25.0334934,33821
6563,新北市,110,121.4420533,25.0334934,32523
6564,新北市,110,121.4484627,24.9967417,37708
6565,新北市,110,121.4484627,24.9967417,35904
6566,新北市,110,121.4325279,24.9664931,33138
6567,新北市,110,121.4325279,24.9664931,33256
6568,桃園市,110,121.0996501,25.0007064,7790
6569,桃園市,110,121.0996501,25.0007064,8085
6570,桃園市,110,121.1005128,25.00004623,4747
6571,桃園市,110,121.1005128,25.00004623,1280
6572,桃園市,110,121.1673427,24.946448,32805
6573,桃園市,110,121.1673427,24.946448,35003
6574,桃園市,110,121.1674191,24.94639381,10023
6575,桃園市,110,121.1674191,24.94639381,10465
6576,桃園市,110,121.1979774,24.9320522,40733
6577,桃園市,110,121.1979774,24.9320522,40882
6578,桃園市,110,121.2032428,24.92957518,9042
6579,桃園市,110,121.2032428,24.92957518,9337
6580,桃園市,110,121.2295047,24.908135,20245
6581,桃園市,110,121.2295047,24.908135,21672
6582,桃園市,110,121.2309083,24.90623557,13177
6583,桃園市,110,121.2309083,24.90623557,19490
6584,桃園市,110,121.2368233,24.9017748,25496
6585,桃園市,110,121.2368233,24.9017748,26831
6586,桃園市,110,121.2512676,24.89884369,3454
6587,桃園市,110,121.2512676,24.89884369,5021
6588,新竹縣,110,120.9364795,24.8437073,5713
6589,新竹縣,110,120.9364795,24.8437073,7216
6590,新竹縣,110,120.9398576,24.8418386,16409
6591,新竹縣,110,120.9398576,24.8418386,16554
6592,新竹縣,110,120.9768846,24.8248451,26899
6593,新竹縣,110,120.9768846,24.8248451,27914
6594,新竹縣,110,120.9930143,24.8203711,22176
6595,新竹縣,110,120.9930143,24.8203711,19698
6596,新竹縣,110,121.0136865,24.807892,18161
6597,新竹縣,110,121.0136865,24.807892,19317
6598,新竹縣,110,121.0591916,24.7764935,17998
6599,新竹縣,110,121.0591916,24.7764935,18675
6600,新竹縣,110,121.0808023,24.7506431,19155
6601,新竹縣,110,121.0808023,24.7506431,20342
6602,新竹縣,110,121.1023336,24.7251301,11206
6603,新竹縣,110,121.1023336,24.7251301,11691
6604,新竹縣,110,121.0802248,24.7498175,6601
6605,新竹縣,110,121.0802248,24.7498175,5905
6606,高雄市,110,120.2264725,22.9104819,15687
6607,高雄市,110,120.2264725,22.9104819,15858
6608,高雄市,110,120.3171321,22.74251577,16427
6609,高雄市,110,120.3171321,22.74251577,17729
6610,高雄市,110,120.3226134,22.6978182,28858
6611,高雄市,110,120.3226134,22.6978182,26675
6612,高雄市,110,120.3675867,22.6343168,23631
6613,高雄市,110,120.3675867,22.6343168,23501
6614,高雄市,110,120.4267292,22.64459855,28140
6615,高雄市,110,120.4267292,22.64459855,28056
6616,屏東縣,110,120.4602563,22.65344499,26752
6617,屏東縣,110,120.4602563,22.65344499,25706
6618,屏東縣,110,120.4768463,22.65327127,13653
6619,屏東縣,110,120.4768463,22.65327127,12624
6620,屏東縣,110,120.542944,22.63256923,12253
6621,屏東縣,110,120.542944,22.63256923,13433
6622,屏東縣,110,120.5607922,22.60423232,4078
6623,屏東縣,110,120.5607922,22.60423232,4342
6624,屏東縣,110,120.5460035,22.57787069,7953
6625,屏東縣,110,120.5460035,22.57787069,8080
6626,屏東縣,110,120.5551827,22.54718131,4944
6627,屏東縣,110,120.5551827,22.54718131,4695
6628,屏東縣,110,120.5314176,22.52479128,4402
6629,屏東縣,110,120.5314176,22.52479128,5251
6630,屏東縣,110,120.5496897,22.46346002,13648
6631,屏東縣,110,120.5496897,22.46346002,14406
6632,屏東縣,110,120.5957307,22.38297903,12496
6633,屏東縣,110,120.5957307,22.38297903,11682
6634,屏東縣,110,120.6025196,22.37321705,9171
6635,屏東縣,110,120.6025196,22.37321705,8322
6636,屏東縣,110,120.6883537,22.20194589,4820
6637,屏東縣,110,120.6883537,22.20194589,4503
6638,高雄市,110,120.3508711,22.62730081,10558
6639,高雄市,110,120.3508711,22.62730081,9615
6640,高雄市,110,120.3841758,22.63046205,13323
6641,高雄市,110,120.3841758,22.63046205,13341
6642,高雄市,110,120.467158,22.96937257,1890
6643,高雄市,110,120.467158,22.96937257,1721
6644,高雄市,110,120.4855081,22.88607198,7392
6645,高雄市,110,120.4855081,22.88607198,7754
6646,高雄市,110,120.4978612,22.867962,3509
6647,高雄市,110,120.4978612,22.867962,3508
6648,屏東縣,110,120.5001786,22.78019198,5972
6649,屏東縣,110,120.5001786,22.78019198,6127
6650,屏東縣,110,120.4900911,22.74144252,9369
6651,屏東縣,110,120.4900911,22.74144252,9731
6652,屏東縣,110,120.4781616,22.67361499,11637
6653,屏東縣,110,120.4781616,22.67361499,10563
6654,屏東縣,110,120.47483,22.66522579,10793
6655,屏東縣,110,120.47483,22.66522579,9774
6656,臺東縣,110,121.167287,23.05635264,4524
6657,臺東縣,110,121.167287,23.05635264,4607
6658,臺東縣,110,121.1428605,22.93850329,2561
6659,臺東縣,110,121.1428605,22.93850329,2442
6660,臺東縣,110,121.0944798,22.89220597,4350
6661,臺東縣,110,121.0944798,22.89220597,4536
6662,臺東縣,110,121.09066,22.81035099,6505
6663,臺東縣,110,121.09066,22.81035099,6611
6664,臺東縣,110,121.1221739,22.76877687,5760
6665,臺東縣,110,121.1221739,22.76877687,5390
6666,臺東縣,110,121.0491729,22.76089885,4168
6667,臺東縣,110,121.0491729,22.76089885,3959
6668,臺東縣,110,121.0395789,22.70172622,2856
6669,臺東縣,110,121.0395789,22.70172622,2742
6670,臺東縣,110,120.9662365,22.52465541,3456
6671,臺東縣,110,120.9662365,22.52465541,3631
6672,臺東縣,110,120.906901,22.36070178,4455
6673,臺東縣,110,120.906901,22.36070178,4599
6674,屏東縣,110,120.7233692,22.20773628,7283
6675,屏東縣,110,120.7233692,22.20773628,6575
6676,臺東縣,110,121.0874612,22.78278551,3594
6677,臺東縣,110,121.0874612,22.78278551,3376
6678,屏東縣,110,120.833607,22.24376057,353
6679,屏東縣,110,120.833607,22.24376057,435
6680,臺東縣,110,121.4578357,23.31718753,926
6681,臺東縣,110,121.4578357,23.31718753,966
6682,臺東縣,110,121.3842758,23.10982092,2891
6683,臺東縣,110,121.3842758,23.10982092,2761
6684,臺東縣,110,121.3684951,23.10109222,2716
6685,臺東縣,110,121.3684951,23.10109222,2672
6686,臺東縣,110,121.311139,22.98363116,2900
6687,臺東縣,110,121.311139,22.98363116,2595
6688,臺東縣,110,121.2256979,22.87132502,3588
6689,臺東縣,110,121.2256979,22.87132502,3319
6690,臺東縣,110,121.1692153,22.77160187,6478
6691,臺東縣,110,121.1692153,22.77160187,6528
6692,臺東縣,110,121.1451744,22.74104053,5321
6693,臺東縣,110,121.1451744,22.74104053,5392
6694,臺東縣,110,121.0976677,22.72471685,8491
6695,臺東縣,110,121.0976677,22.72471685,8392
6696,臺東縣,110,121.1428231,22.79168214,1939
6697,臺東縣,110,121.1428231,22.79168214,1762
6698,高雄市,110,120.1796715,22.9002115,5548
6699,高雄市,110,120.1796715,22.9002115,4996
6700,高雄市,110,120.2274821,22.8605917,7190
6701,高雄市,110,120.2274821,22.8605917,7915
6702,高雄市,110,120.2437198,22.79411272,10109
6703,高雄市,110,120.2437198,22.79411272,9587
6704,高雄市,110,120.2704719,22.73127151,15908
6705,高雄市,110,120.2704719,22.73127151,16338
6706,高雄市,110,120.3690515,22.50668918,14308
6707,高雄市,110,120.3690515,22.50668918,14373
6708,高雄市,110,120.4089974,22.49824973,8992
6709,高雄市,110,120.4089974,22.49824973,9382
6710,屏東縣,110,120.4424187,22.49670704,10289
6711,屏東縣,110,120.4424187,22.49670704,10115
6712,屏東縣,110,120.456861,22.478823,12170
6713,屏東縣,110,120.456861,22.478823,12804
6714,屏東縣,110,120.5115646,22.43840165,8025
6715,屏東縣,110,120.5115646,22.43840165,8339
6716,屏東縣,110,120.5559506,22.41263852,4758
6717,屏東縣,110,120.5559506,22.41263852,5133
6718,高雄市,110,120.1914791,22.9134289,4255
6719,高雄市,110,120.1914791,22.9134289,4215
6720,高雄市,110,120.3011781,22.81370823,10008
6721,高雄市,110,120.3011781,22.81370823,9556
6722,高雄市,110,120.2681103,22.76958472,3818
6723,高雄市,110,120.2681103,22.76958472,3520
6724,高雄市,110,120.2620814,22.74727827,3062
6725,高雄市,110,120.2620814,22.74727827,3044
6726,高雄市,110,120.5854946,23.08083655,5104
6727,高雄市,110,120.5854946,23.08083655,5155
6728,高雄市,110,120.6967093,23.10735539,2078
6729,高雄市,110,120.6967093,23.10735539,1977
6730,臺東縣,110,121.1191523,23.13330995,288
6731,臺東縣,110,121.1191523,23.13330995,271
6732,臺東縣,110,121.1886456,23.13134171,349
6733,臺東縣,110,121.1886456,23.13134171,360
6734,高雄市,110,120.3386182,22.74171182,12589
6735,高雄市,110,120.3386182,22.74171182,12725
6736,高雄市,110,120.3902183,22.77211128,4773
6737,高雄市,110,120.3902183,22.77211128,4787
6738,屏東縣,110,120.4906744,22.77199259,3829
6739,屏東縣,110,120.4906744,22.77199259,3567
6740,屏東縣,110,120.5225285,22.77662527,4479
6741,屏東縣,110,120.5225285,22.77662527,4366
6742,臺東縣,110,121.2871428,23.00351148,556
6743,臺東縣,110,121.2871428,23.00351148,537
6744,臺東縣,110,121.3037397,22.97747671,250
6745,臺東縣,110,121.3037397,22.97747671,270
6746,屏東縣,110,120.480133,22.66524557,6723
6747,屏東縣,110,120.480133,22.66524557,7093
6748,屏東縣,110,120.4985727,22.67968244,6866
6749,屏東縣,110,120.4985727,22.67968244,7547
6750,屏東縣,110,120.542311,22.69315673,6072
6751,屏東縣,110,120.542311,22.69315673,6574
6752,屏東縣,110,120.6404486,22.70986274,2615
6753,屏東縣,110,120.6404486,22.70986274,2718
6754,屏東縣,110,120.7043486,22.74821267,439
6755,屏東縣,110,120.7043486,22.74821267,484
6756,高雄市,110,120.3838264,22.61854484,13188
6757,高雄市,110,120.3838264,22.61854484,12912
6758,高雄市,110,120.4122765,22.55301428,13899
6759,高雄市,110,120.4122765,22.55301428,12753
6760,屏東縣,110,120.6919969,22.18294072,4819
6761,屏東縣,110,120.6919969,22.18294072,4595
6762,屏東縣,110,120.7136746,22.07628683,4750
6763,屏東縣,110,120.7136746,22.07628683,4902
6764,屏東縣,110,120.7408362,21.99918761,3589
6765,屏東縣,110,120.7408362,21.99918761,3452
6766,屏東縣,110,120.7679682,21.95737336,2752
6767,屏東縣,110,120.7679682,21.95737336,2619
6768,屏東縣,110,120.8432994,21.97389631,288
6769,屏東縣,110,120.8432994,21.97389631,227
6770,屏東縣,110,120.8883885,22.19291972,83
6771,屏東縣,110,120.8883885,22.19291972,95
6772,屏東縣,110,120.8888986,22.28958376,254
6773,屏東縣,110,120.8888986,22.28958376,228
6774,高雄市,110,120.6670449,23.04129304,2348
6775,高雄市,110,120.6670449,23.04129304,2309
6776,高雄市,110,120.6432812,22.99331741,1130
6777,高雄市,110,120.6432812,22.99331741,1138
6778,屏東縣,110,120.6004379,22.8270815,3420
6779,屏東縣,110,120.6004379,22.8270815,2936
6780,屏東縣,110,120.6039018,22.81518211,3304
6781,屏東縣,110,120.6039018,22.81518211,3024
6782,屏東縣,110,120.5535436,22.74769437,2717
6783,屏東縣,110,120.5535436,22.74769437,2890
6784,屏東縣,110,120.4894655,20.4894655,10203
6785,屏東縣,110,120.4894655,20.4894655,9129
6786,屏東縣,110,120.4865252,22.65697687,14517
6787,屏東縣,110,120.4865252,22.65697687,14114
6788,屏東縣,110,120.4867465,22.60859787,12032
6789,屏東縣,110,120.4867465,22.60859787,12127
6790,屏東縣,110,120.4820826,22.57552698,9614
6791,屏東縣,110,120.4820826,22.57552698,9139
6792,屏東縣,110,120.4628805,22.54658679,9082
6793,屏東縣,110,120.4628805,22.54658679,9374
6794,高雄市,110,120.6429932,22.96021481,2368
6795,高雄市,110,120.6429932,22.96021481,2309
6796,高雄市,110,120.2578493,22.88127821,8748
6797,高雄市,110,120.2578493,22.88127821,8765
6798,高雄市,110,120.3110891,22.87854739,6146
6799,高雄市,110,120.3110891,22.87854739,6647
6800,高雄市,110,120.3434778,22.88109125,5642
6801,高雄市,110,120.3434778,22.88109125,5638
6802,高雄市,110,120.3693091,22.8776137,3397
6803,高雄市,110,120.3693091,22.8776137,3462
6804,高雄市,110,120.524882,22.88656365,5188
6805,高雄市,110,120.524882,22.88656365,5160
6806,高雄市,110,120.6340527,23.15076476,1163
6807,高雄市,110,120.6340527,23.15076476,1111
6808,高雄市,110,120.5591703,23.05394121,3092
6809,高雄市,110,120.5591703,23.05394121,3002
6810,高雄市,110,120.4847202,22.90400388,6541
6811,高雄市,110,120.4847202,22.90400388,6608
6812,高雄市,110,120.4531871,22.7810897,4577
6813,高雄市,110,120.4531871,22.7810897,4703
6814,高雄市,110,120.4465737,22.73921823,4934
6815,高雄市,110,120.4465737,22.73921823,5255
6816,高雄市,110,120.4245199,22.65637514,7182
6817,高雄市,110,120.4245199,22.65637514,7559
6818,高雄市,110,120.4347102,22.59921055,6472
6819,高雄市,110,120.4347102,22.59921055,6901
6820,高雄市,110,120.4173113,22.53900204,6749
6821,高雄市,110,120.4173113,22.53900204,7294
6822,臺東縣,110,121.3868325,23.26350228,631
6823,臺東縣,110,121.3868325,23.26350228,698
6824,高雄市,110,120.3063692,22.88124727,2165
6825,高雄市,110,120.3063692,22.88124727,2278
6826,高雄市,110,120.3526997,22.5908831,36281
6827,高雄市,110,120.3526997,22.5908831,36339
6828,高雄市,110,120.3646445,22.5899293,35145
6829,高雄市,110,120.3646445,22.5899293,38399
6830,高雄市,110,120.4121736,22.58635301,30573
6831,高雄市,110,120.4121736,22.58635301,29232
6832,高雄市,110,120.4481423,22.59184967,25588
6833,高雄市,110,120.4481423,22.59184967,25352
6834,屏東縣,110,120.5213748,22.5696307,19922
6835,屏東縣,110,120.5213748,22.5696307,20193
6836,澎湖縣,110,119.6094966,23.54834458,5301
6837,澎湖縣,110,119.6094966,23.54834458,5025
6838,澎湖縣,110,119.5755083,23.51940987,1831
6839,澎湖縣,110,119.5755083,23.51940987,1701
6840,澎湖縣,110,119.6043111,23.56968666,4489
6841,澎湖縣,110,119.6043111,23.56968666,4504
6842,澎湖縣,110,119.6683518,23.58270661,914
6843,澎湖縣,110,119.6683518,23.58270661,921
6844,澎湖縣,110,119.5692481,23.56944028,2539
6845,澎湖縣,110,119.5692481,23.56944028,2174
6846,澎湖縣,110,119.5850625,23.56947091,8450
6847,澎湖縣,110,119.5850625,23.56947091,8252
6848,澎湖縣,110,119.6126952,23.60462357,5179
6849,澎湖縣,110,119.6126952,23.60462357,4885
6850,澎湖縣,110,119.5299816,23.63707088,1931
6851,澎湖縣,110,119.5299816,23.63707088,2031
6852,澎湖縣,110,119.5990337,23.55903289,9252
6853,澎湖縣,110,119.5990337,23.55903289,9669
6854,澎湖縣,110,119.6388087,23.56281308,3149
6855,澎湖縣,110,119.6388087,23.56281308,3273
6856,澎湖縣,110,119.5828552,23.55944989,1586
6857,澎湖縣,110,119.5828552,23.55944989,1402
6858,澎湖縣,110,119.5883452,23.55393757,1819
6859,澎湖縣,110,119.5883452,23.55393757,1658
6860,苗栗縣,110,120.9196321,24.71589619,9368
6861,苗栗縣,110,120.9196321,24.71589619,9187
6862,苗栗縣,110,120.9108576,24.68921535,12642
6863,苗栗縣,110,120.9108576,24.68921535,13138
6864,苗栗縣,110,120.882506,24.66671428,12975
6865,苗栗縣,110,120.882506,24.66671428,5014
6866,苗栗縣,110,120.8755678,24.66031715,5693
6867,苗栗縣,110,120.8755678,24.66031715,6040
6868,苗栗縣,110,120.8295627,24.64338977,3593
6869,苗栗縣,110,120.8295627,24.64338977,3449
6870,苗栗縣,110,120.7969477,24.61779806,4001
6871,苗栗縣,110,120.7969477,24.61779806,3740
6872,苗栗縣,110,120.7828328,24.60611708,7600
6873,苗栗縣,110,120.7828328,24.60611708,7453
6874,苗栗縣,110,120.7523812,24.56317722,1951
6875,苗栗縣,110,120.7523812,24.56317722,2090
6876,苗栗縣,110,120.6967307,24.54232707,2717
6877,苗栗縣,110,120.6967307,24.54232707,2767
6878,苗栗縣,110,120.6920607,24.49854436,4643
6879,苗栗縣,110,120.6920607,24.49854436,5001
6880,苗栗縣,110,120.6593123,24.45448123,7166
6881,苗栗縣,110,120.6593123,24.45448123,7177
6882,苗栗縣,110,120.6450722,24.43050813,9461
6883,苗栗縣,110,120.6450722,24.43050813,9688
6884,臺中市,110,120.6423498,24.36714294,15497
6885,臺中市,110,120.6423498,24.36714294,14645
6886,臺中市,110,120.6172886,24.35027013,8291
6887,臺中市,110,120.6172886,24.35027013,7698
6888,臺中市,110,120.6058191,24.31917692,12000
6889,臺中市,110,120.6058191,24.31917692,12595
6890,臺中市,110,120.574635,24.27790979,8707
6891,臺中市,110,120.574635,24.27790979,9509
6892,臺中市,110,120.545394,24.22812799,10152
6893,臺中市,110,120.545394,24.22812799,10399
6894,臺中市,110,120.5424385,24.17043703,11227
6895,臺中市,110,120.5424385,24.17043703,11173
6896,臺中市,110,120.5520406,24.1366492,15960
6897,臺中市,110,120.5520406,24.1366492,16870
6898,臺中市,110,120.5821317,24.10680728,20602
6899,臺中市,110,120.5821317,24.10680728,21514
6900,彰化縣,110,120.561594,24.08724215,21138
6901,彰化縣,110,120.561594,24.08724215,22523
6902,彰化縣,110,120.5456106,24.0802261,22748
6903,彰化縣,110,120.5456106,24.0802261,24832
6904,彰化縣,110,120.5364438,24.03454295,18858
6905,彰化縣,110,120.5364438,24.03454295,18629
6906,彰化縣,110,120.5693991,23.98180619,20651
6907,彰化縣,110,120.5693991,23.98180619,20623
6908,彰化縣,110,120.5614948,23.94315879,25170
6909,彰化縣,110,120.5614948,23.94315879,22770
6910,彰化縣,110,120.5233128,23.88433049,15579
6911,彰化縣,110,120.5233128,23.88433049,15189
6912,彰化縣,110,120.5048272,23.85969683,9583
6913,彰化縣,110,120.5048272,23.85969683,9291
6914,彰化縣,110,120.4683725,23.81538267,5639
6915,彰化縣,110,120.4683725,23.81538267,5642
6916,臺中市,110,120.649143,24.21706949,22571
6917,臺中市,110,120.649143,24.21706949,23524
6918,臺中市,110,120.6692138,24.1776308,36822
6919,臺中市,110,120.6692138,24.1776308,36425
6920,臺中市,110,120.6710636,24.14525704,20422
6921,臺中市,110,120.6710636,24.14525704,20538
6922,臺中市,110,120.6358728,24.10699092,17992
6923,臺中市,110,120.6358728,24.10699092,17695
6924,臺中市,110,120.6151595,24.1063053,25501
6925,臺中市,110,120.6151595,24.1063053,26601
6926,彰化縣,110,120.5614353,24.0971021,18723
6927,彰化縣,110,120.5614353,24.0971021,18712
6928,彰化縣,110,120.5339354,24.08859084,14417
6929,彰化縣,110,120.5339354,24.08859084,14784
6930,苗栗縣,110,120.8571187,24.67113556,7231
6931,苗栗縣,110,120.8571187,24.67113556,7539
6932,苗栗縣,110,120.9662157,24.67230819,3680
6933,苗栗縣,110,120.9662157,24.67230819,3219
6934,苗栗縣,110,120.9544081,24.64577251,6166
6935,苗栗縣,110,120.9544081,24.64577251,6075
6936,苗栗縣,110,120.9497929,24.61601728,1639
6937,苗栗縣,110,120.9497929,24.61601728,1559
6938,苗栗縣,110,120.923813,24.54558612,1775
6939,苗栗縣,110,120.923813,24.54558612,1647
6940,苗栗縣,110,120.8990596,24.48904452,1305
6941,苗栗縣,110,120.8990596,24.48904452,1198
6942,苗栗縣,110,120.8767944,24.45462625,5290
6943,苗栗縣,110,120.8767944,24.45462625,5290
6944,苗栗縣,110,120.8640683,24.42217529,3046
6945,苗栗縣,110,120.8640683,24.42217529,3076
6946,苗栗縣,110,120.852033,24.38278911,2368
6947,苗栗縣,110,120.852033,24.38278911,2304
6948,苗栗縣,110,120.8268683,24.34282289,2411
6949,苗栗縣,110,120.8268683,24.34282289,2433
6950,苗栗縣,110,120.8238407,24.32193213,4270
6951,苗栗縣,110,120.8238407,24.32193213,4070
6952,苗栗縣,110,120.8163079,24.30730571,7842
6953,苗栗縣,110,120.8163079,24.30730571,7777
6954,臺中市,110,120.7964407,24.28531809,5629
6955,臺中市,110,120.7964407,24.28531809,5101
6956,臺中市,110,120.8187779,24.26083321,19432
6957,臺中市,110,120.8187779,24.26083321,19338
6958,臺中市,110,120.7857251,24.27451583,18107
6959,臺中市,110,120.7857251,24.27451583,17829
6960,臺中市,110,120.752731,24.27225372,25954
6961,臺中市,110,120.752731,24.27225372,25265
6962,臺中市,110,120.7051054,24.21415967,25645
6963,臺中市,110,120.7051054,24.21415967,24979
6964,臺中市,110,120.6933797,24.16378867,34163
6965,臺中市,110,120.6933797,24.16378867,33497
6966,臺中市,110,120.6942901,24.14740553,18718
6967,臺中市,110,120.6942901,24.14740553,13367
6968,臺中市,110,120.6867707,24.0951975,27986
6969,臺中市,110,120.6867707,24.0951975,26459
6970,臺中市,110,120.6957111,24.01090435,11026
6971,臺中市,110,120.6957111,24.01090435,11697
6972,南投縣,110,120.68,23.973778,11141
6973,南投縣,110,120.68,23.973778,10561
6974,南投縣,110,120.663889,23.943944,14037
6975,南投縣,110,120.663889,23.943944,13098
6976,南投縣,110,120.693083,23.866306,8406
6977,南投縣,110,120.693083,23.866306,8775
6978,南投縣,110,120.699083,23.843528,15995
6979,南投縣,110,120.699083,23.843528,16018
6980,南投縣,110,120.705389,23.818194,6501
6981,南投縣,110,120.705389,23.818194,6341
6982,南投縣,110,120.712083,23.779306,6872
6983,南投縣,110,120.712083,23.779306,6567
6984,南投縣,110,120.658667,23.758972,4511
6985,南投縣,110,120.658667,23.758972,4416
6986,南投縣,110,120.682972,23.970139,10819
6987,南投縣,110,120.682972,23.970139,11007
6988,南投縣,110,120.67525,23.943,7705
6989,南投縣,110,120.67525,23.943,8586
6990,南投縣,110,120.676333,23.923806,6463
6991,南投縣,110,120.676333,23.923806,6440
6992,南投縣,110,120.722694,23.8135,4639
6993,南投縣,110,120.722694,23.8135,3776
6994,苗栗縣,110,120.7642019,24.61015531,3306
6995,苗栗縣,110,120.7642019,24.61015531,3417
6996,苗栗縣,110,120.7818159,24.60060942,6145
6997,苗栗縣,110,120.7818159,24.60060942,6790
6998,苗栗縣,110,120.8160089,24.59475365,6372
6999,苗栗縣,110,120.8160089,24.59475365,6414
7000,苗栗縣,110,120.8339741,24.55518323,5255
7001,苗栗縣,110,120.8339741,24.55518323,4690
7002,苗栗縣,110,120.8173223,24.53222809,16336
7003,苗栗縣,110,120.8173223,24.53222809,16812
7004,苗栗縣,110,120.8235013,24.51586552,8987
7005,苗栗縣,110,120.8235013,24.51586552,9090
7006,苗栗縣,110,120.8297404,24.48051342,2442
7007,苗栗縣,110,120.8297404,24.48051342,2225
7008,苗栗縣,110,120.8767763,24.45972421,750
7009,苗栗縣,110,120.8767763,24.45972421,757
7010,臺中市,110,121.3389941,24.36821801,733
7011,臺中市,110,121.3389941,24.36821801,886
7012,臺中市,110,120.8395495,24.20391963,5032
7013,臺中市,110,120.8395495,24.20391963,5004
7014,臺中市,110,120.8841739,24.17469864,5213
7015,臺中市,110,120.8841739,24.17469864,4845
7016,臺中市,110,121.0006754,24.19993445,3079
7017,臺中市,110,121.0006754,24.19993445,2993
7018,臺中市,110,121.2077934,24.25831755,292
7019,臺中市,110,121.2077934,24.25831755,281
7020,臺中市,110,121.2586267,24.25647785,2433
7021,臺中市,110,121.2586267,24.25647785,2029
7022,臺中市,110,120.5628311,24.27141775,12298
7023,臺中市,110,120.5628311,24.27141775,13428
7024,臺中市,110,120.581481,24.24977907,30097
7025,臺中市,110,120.581481,24.24977907,31769
7026,臺中市,110,120.6257393,24.24225066,21529
7027,臺中市,110,120.6257393,24.24225066,21619
7028,臺中市,110,120.6563936,24.23027401,14568
7029,臺中市,110,120.6563936,24.23027401,14266
7030,臺中市,110,120.6974738,24.24862887,29749
7031,臺中市,110,120.6974738,24.24862887,29021
7032,臺中市,110,120.5998965,24.25546444,7858
7033,臺中市,110,120.5998965,24.25546444,7634
7034,臺中市,110,120.5430096,24.24733456,11701
7035,臺中市,110,120.5430096,24.24733456,12358
7036,臺中市,110,120.564848,24.23924061,13385
7037,臺中市,110,120.564848,24.23924061,14455
7038,臺中市,110,120.5806256,24.2149597,12887
7039,臺中市,110,120.5806256,24.2149597,12358
7040,臺中市,110,120.5837863,24.18678967,19078
7041,臺中市,110,120.5837863,24.18678967,17987
7042,臺中市,110,120.6150174,24.18320769,25595
7043,臺中市,110,120.6150174,24.18320769,28471
7044,臺中市,110,120.6498388,24.16234441,29669
7045,臺中市,110,120.6498388,24.16234441,29590
7046,臺中市,110,120.679651,24.14225101,6616
7047,臺中市,110,120.679651,24.14225101,9194
7048,苗栗縣,110,120.8958333,24.70871832,8426
7049,苗栗縣,110,120.8958333,24.70871832,8086
7050,苗栗縣,110,120.8853796,24.68933676,8349
7051,苗栗縣,110,120.8853796,24.68933676,7664
7052,苗栗縣,110,120.8816286,24.66706844,3776
7053,苗栗縣,110,120.8816286,24.66706844,10627
7054,苗栗縣,110,120.8827166,24.64010197,5014
7055,苗栗縣,110,120.8827166,24.64010197,4800
7056,苗栗縣,110,120.8809201,24.58557731,4147
7057,苗栗縣,110,120.8809201,24.58557731,4170
7058,苗栗縣,110,120.8445115,24.57464308,9401
7059,苗栗縣,110,120.8445115,24.57464308,9734
7060,苗栗縣,110,120.8070484,24.53536824,5918
7061,苗栗縣,110,120.8070484,24.53536824,4852
7062,苗栗縣,110,120.7824315,24.49871452,2543
7063,苗栗縣,110,120.7824315,24.49871452,2794
7064,苗栗縣,110,120.7791788,24.44558075,4481
7065,苗栗縣,110,120.7791788,24.44558075,4099
7066,苗栗縣,110,120.77124,24.41242903,7276
7067,苗栗縣,110,120.77124,24.41242903,7462
7068,苗栗縣,110,120.7582058,24.39476102,8180
7069,苗栗縣,110,120.7582058,24.39476102,8264
7070,苗栗縣,110,120.7340099,24.34837607,6599
7071,苗栗縣,110,120.7340099,24.34837607,6706
7072,臺中市,110,120.7243198,24.31778812,8387
7073,臺中市,110,120.7243198,24.31778812,8394
7074,臺中市,110,120.7224609,24.284088,18882
7075,臺中市,110,120.7224609,24.284088,19941
7076,臺中市,110,120.7204005,24.26538563,17222
7077,臺中市,110,120.7204005,24.26538563,16576
7078,苗栗縣,110,120.8748612,24.69234809,10984
7079,苗栗縣,110,120.8748612,24.69234809,10351
7080,苗栗縣,110,120.8667978,24.66225634,6576
7081,苗栗縣,110,120.8667978,24.66225634,6996
7082,苗栗縣,110,120.8552311,24.63121592,7439
7083,苗栗縣,110,120.8552311,24.63121592,8223
7084,苗栗縣,110,120.8282911,24.59935725,9146
7085,苗栗縣,110,120.8282911,24.59935725,9868
7086,彰化縣,110,120.5766468,24.08546494,15040
7087,彰化縣,110,120.5766468,24.08546494,16387
7088,彰化縣,110,120.6182002,24.05928536,7345
7089,彰化縣,110,120.6182002,24.05928536,7361
7090,南投縣,110,120.649861,24.007944,8259
7091,南投縣,110,120.649861,24.007944,7790
7092,南投縣,110,120.658333,24.000361,12031
7093,南投縣,110,120.658333,24.000361,10682
7094,南投縣,110,120.666472,23.993,7113
7095,南投縣,110,120.666472,23.993,7540
7096,南投縣,110,120.723444,23.979833,6634
7097,南投縣,110,120.723444,23.979833,6288
7098,南投縣,110,120.777639,23.984222,3614
7099,南投縣,110,120.777639,23.984222,4047
7100,南投縣,110,120.822,24.018139,5360
7101,南投縣,110,120.822,24.018139,5214
7102,南投縣,110,120.8465,24.019583,2731
7103,南投縣,110,120.8465,24.019583,2683
7104,南投縣,110,120.862194,23.985944,2747
7105,南投縣,110,120.862194,23.985944,2689
7106,南投縣,110,120.924833,23.974194,3524
7107,南投縣,110,120.924833,23.974194,3502
7108,南投縣,110,120.927556,23.971833,12938
7109,南投縣,110,120.927556,23.971833,12954
7110,南投縣,110,120.990167,23.977972,11612
7111,南投縣,110,120.990167,23.977972,11413
7112,南投縣,110,120.995194,23.978944,12169
7113,南投縣,110,120.995194,23.978944,11645
7114,南投縣,110,121.150694,24.026917,1774
7115,南投縣,110,121.150694,24.026917,1772
7116,南投縣,110,121.156556,24.043833,5580
7117,南投縣,110,121.156556,24.043833,5437
7118,南投縣,110,120.653389,23.979667,8343
7119,南投縣,110,120.653389,23.979667,7727
7120,南投縣,110,120.661444,23.953806,7922
7121,南投縣,110,120.661444,23.953806,7135
7122,南投縣,110,120.697056,23.942167,8288
7123,南投縣,110,120.697056,23.942167,7708
7124,南投縣,110,120.696722,23.914917,13793
7125,南投縣,110,120.696722,23.914917,13878
7126,彰化縣,110,120.5941719,24.08803458,11683
7127,彰化縣,110,120.5941719,24.08803458,11512
7128,彰化縣,110,120.5990434,24.08502116,6662
7129,彰化縣,110,120.5990434,24.08502116,6969
7130,南投縣,110,120.631833,24.012417,1341
7131,南投縣,110,120.631833,24.012417,1547
7132,南投縣,110,120.642972,23.984583,2442
7133,南投縣,110,120.642972,23.984583,2562
7134,南投縣,110,120.735667,23.833194,7628
7135,南投縣,110,120.735667,23.833194,7573
7136,南投縣,110,120.791889,23.821694,7979
7137,南投縣,110,120.791889,23.821694,7775
7138,南投縣,110,120.923333,23.7975,1293
7139,南投縣,110,120.923333,23.7975,1281
7140,臺中市,110,120.5534027,24.29427504,12376
7141,臺中市,110,120.5534027,24.29427504,12583
7142,臺中市,110,120.5308633,24.2688088,9077
7143,臺中市,110,120.5308633,24.2688088,7784
7144,臺中市,110,120.5140322,24.22984117,12317
7145,臺中市,110,120.5140322,24.22984117,9208
7146,臺中市,110,120.5102986,24.1929035,11589
7147,臺中市,110,120.5102986,24.1929035,10886
7148,彰化縣,110,120.4934725,24.17129336,4319
7149,彰化縣,110,120.4934725,24.17129336,4370
7150,彰化縣,110,120.4569773,24.11943813,4952
7151,彰化縣,110,120.4569773,24.11943813,5420
7152,彰化縣,110,120.433312,24.0709682,8405
7153,彰化縣,110,120.433312,24.0709682,8984
7154,彰化縣,110,120.4195131,24.0512915,6472
7155,彰化縣,110,120.4195131,24.0512915,4553
7156,彰化縣,110,120.3851748,24.01259343,1671
7157,彰化縣,110,120.3851748,24.01259343,1838
7158,彰化縣,110,120.3176358,23.9198936,857
7159,彰化縣,110,120.3176358,23.9198936,696
7160,彰化縣,110,120.295922,23.87739727,731
7161,彰化縣,110,120.295922,23.87739727,786
7162,南投縣,110,120.886278,23.483417,618
7163,南投縣,110,120.886278,23.483417,687
7164,彰化縣,110,120.5364944,24.0767118,15379
7165,彰化縣,110,120.5364944,24.0767118,14511
7166,彰化縣,110,120.5075274,24.04523449,12689
7167,彰化縣,110,120.5075274,24.04523449,12746
7168,彰化縣,110,120.4857466,24.00983762,12271
7169,彰化縣,110,120.4857466,24.00983762,12100
7170,彰化縣,110,120.4806204,23.9645571,5782
7171,彰化縣,110,120.4806204,23.9645571,5689
7172,彰化縣,110,120.474814,23.92224963,8497
7173,彰化縣,110,120.474814,23.92224963,8625
7174,彰化縣,110,120.4735815,23.89144986,2566
7175,彰化縣,110,120.4735815,23.89144986,2266
7176,彰化縣,110,120.42196,23.85565055,3143
7177,彰化縣,110,120.42196,23.85565055,3236
7178,臺中市,110,120.8620936,24.1605041,1001
7179,臺中市,110,120.8620936,24.1605041,998
7180,臺中市,110,120.8809351,24.12927115,687
7181,臺中市,110,120.8809351,24.12927115,797
7182,南投縣,110,120.877139,24.074333,1657
7183,南投縣,110,120.877139,24.074333,1696
7184,南投縣,110,120.910278,24.057917,1644
7185,南投縣,110,120.910278,24.057917,1631
7186,南投縣,110,120.973861,23.988222,4203
7187,南投縣,110,120.973861,23.988222,4378
7188,南投縣,110,120.971639,23.981194,6837
7189,南投縣,110,120.971639,23.981194,6796
7190,南投縣,110,120.925972,23.907083,11135
7191,南投縣,110,120.925972,23.907083,10597
7192,南投縣,110,120.871444,23.807917,1870
7193,南投縣,110,120.871444,23.807917,1884
7194,南投縣,110,120.868944,23.778194,3541
7195,南投縣,110,120.868944,23.778194,3549
7196,南投縣,110,120.87725,23.662,3461
7197,南投縣,110,120.87725,23.662,3645
7198,南投縣,110,120.864083,23.550944,874
7199,南投縣,110,120.864083,23.550944,904
7200,南投縣,110,120.9135,23.530611,236
7201,南投縣,110,120.9135,23.530611,284
7202,南投縣,110,120.920917,23.87175,3606
7203,南投縣,110,120.920917,23.87175,3557
7204,苗栗縣,110,120.8681472,24.7204085,7348
7205,苗栗縣,110,120.8681472,24.7204085,7499
7206,苗栗縣,110,120.8682195,24.7209018,1933
7207,苗栗縣,110,120.8682195,24.7209018,1545
7208,苗栗縣,110,120.8657483,24.7000651,15332
7209,苗栗縣,110,120.8657483,24.7000651,14353
7210,苗栗縣,110,120.8657173,24.7002178,2052
7211,苗栗縣,110,120.8657173,24.7002178,1946
7212,苗栗縣,110,120.8424217,24.6766432,13329
7213,苗栗縣,110,120.8424217,24.6766432,11758
7214,苗栗縣,110,120.8428355,24.6770334,1889
7215,苗栗縣,110,120.8428355,24.6770334,2107
7216,苗栗縣,110,120.7722123,24.624028,11807
7217,苗栗縣,110,120.7722123,24.624028,10962
7218,苗栗縣,110,120.7731917,24.6246614,1678
7219,苗栗縣,110,120.7731917,24.6246614,1324
7220,苗栗縣,110,120.7195614,24.5740232,14289
7221,苗栗縣,110,120.7195614,24.5740232,13447
7222,苗栗縣,110,120.7269751,24.5849747,358
7223,苗栗縣,110,120.7269751,24.5849747,445
7224,苗栗縣,110,120.7145523,24.5643863,14281
7225,苗栗縣,110,120.7145523,24.5643863,13252
7226,苗栗縣,110,120.6997756,24.5392179,13218
7227,苗栗縣,110,120.6997756,24.5392179,12349
7228,苗栗縣,110,120.6550345,24.4635159,11415
7229,苗栗縣,110,120.6550345,24.4635159,11758
7230,臺中市,110,120.6124668,24.40399191,14566
7231,臺中市,110,120.6124668,24.40399191,15523
7232,臺中市,110,120.6124668,24.40399191,666
7233,臺中市,110,120.6124668,24.40399191,635
7234,臺中市,110,120.566476,24.32258274,16181
7235,臺中市,110,120.566476,24.32258274,14933
7236,臺中市,110,120.566476,24.32258274,838
7237,臺中市,110,120.566476,24.32258274,649
7238,臺中市,110,120.5447216,24.27021929,24191
7239,臺中市,110,120.5447216,24.27021929,22127
7240,臺中市,110,120.54842,24.27972552,12244
7241,臺中市,110,120.54842,24.27972552,12787
7242,臺中市,110,120.5319148,24.2399999,26446
7243,臺中市,110,120.5319148,24.2399999,25753
7244,臺中市,110,120.5196593,24.21145317,18623
7245,臺中市,110,120.5196593,24.21145317,18985
7246,臺中市,110,120.5253944,24.22510334,17002
7247,臺中市,110,120.5253944,24.22510334,17206
7248,彰化縣,110,120.4732543,24.1710235,21944
7249,彰化縣,110,120.4732543,24.1710235,21718
7250,彰化縣,110,120.4559837,24.1535132,24138
7251,彰化縣,110,120.4559837,24.1535132,23599
7252,彰化縣,110,120.4340087,24.1056198,24280
7253,彰化縣,110,120.4340087,24.1056198,24136
7254,彰化縣,110,120.4321936,24.0943044,25670
7255,彰化縣,110,120.4321936,24.0943044,25097
7256,彰化縣,110,120.4105462,24.0622325,21551
7257,彰化縣,110,120.4105462,24.0622325,21432
7258,彰化縣,110,120.3896561,24.0270729,17875
7259,彰化縣,110,120.3896561,24.0270729,16615
7260,彰化縣,110,120.3850998,24.0144211,16065
7261,彰化縣,110,120.3850998,24.0144211,15327
7262,彰化縣,110,120.3423178,23.969794,13953
7263,彰化縣,110,120.3423178,23.969794,13500
7264,彰化縣,110,120.319149,23.9348651,12113
7265,彰化縣,110,120.319149,23.9348651,11542
7266,彰化縣,110,120.4729255,24.15352838,4587
7267,彰化縣,110,120.4729255,24.15352838,5147
7268,彰化縣,110,120.4921168,24.14993095,7163
7269,彰化縣,110,120.4921168,24.14993095,7510
7270,彰化縣,110,120.5193968,24.14662308,17017
7271,彰化縣,110,120.5193968,24.14662308,16794
7272,臺中市,110,120.663583,24.07457273,6858
7273,臺中市,110,120.663583,24.07457273,7349
7274,臺中市,110,120.663583,24.07457273,10707
7275,臺中市,110,120.663583,24.07457273,9648
7276,臺中市,110,120.663583,24.07457273,5199
7277,臺中市,110,120.663583,24.07457273,5636
7278,南投縣,110,120.6784207,24.00888737,3682
7279,南投縣,110,120.6784207,24.00888737,4195
7280,南投縣,110,120.6784207,24.00888737,3858
7281,南投縣,110,120.6784207,24.00888737,4008
7282,南投縣,110,120.6784207,24.00888737,1354
7283,南投縣,110,120.6784207,24.00888737,1337
7284,南投縣,110,120.679861,23.998778,7773
7285,南投縣,110,120.679861,23.998778,8578
7286,苗栗縣,110,120.7945248,24.6081572,3834
7287,苗栗縣,110,120.7945248,24.6081572,3558
7288,苗栗縣,110,120.8452955,24.5694846,11963
7289,苗栗縣,110,120.8452955,24.5694846,12063
7290,苗栗縣,110,120.8024313,24.5011293,8633
7291,苗栗縣,110,120.8024313,24.5011293,9061
7292,苗栗縣,110,120.8038534,24.4900613,6661
7293,苗栗縣,110,120.8038534,24.4900613,6928
7294,苗栗縣,110,120.8771874,24.4572011,6375
7295,苗栗縣,110,120.8771874,24.4572011,6501
7296,臺中市,110,120.6064797,24.09408121,23168
7297,臺中市,110,120.6064797,24.09408121,23597
7298,臺中市,110,120.6064797,24.09408121,32186
7299,臺中市,110,120.6064797,24.09408121,4126
7300,臺中市,110,120.6064797,24.09408121,6222
7301,臺中市,110,120.6123279,24.10165726,45367
7302,臺中市,110,120.6123279,24.10165726,45983
7303,臺中市,110,120.6123279,24.10165726,6000
7304,臺中市,110,120.6123279,24.10165726,9678
7305,臺中市,110,120.6199035,24.12195554,46476
7306,臺中市,110,120.6199035,24.12195554,46746
7307,臺中市,110,120.6199035,24.12195554,18143
7308,臺中市,110,120.6199035,24.12195554,1954
7309,臺中市,110,120.6200334,24.12581201,62474
7310,臺中市,110,120.6200334,24.12581201,54426
7311,臺中市,110,120.6200334,24.12581201,11599
7312,臺中市,110,120.6200334,24.12581201,11387
7313,臺中市,110,120.6235209,24.14869501,44408
7314,臺中市,110,120.6235209,24.14869501,42457
7315,臺中市,110,120.6234539,24.14751828,19612
7316,臺中市,110,120.6234539,24.14751828,12840
7317,臺中市,110,120.6270844,24.16043652,48503
7318,臺中市,110,120.6270844,24.16043652,41729
7319,臺中市,110,120.6270844,24.16043652,15770
7320,臺中市,110,120.6270844,24.16043652,13871
7321,臺中市,110,120.6329527,24.17111987,64531
7322,臺中市,110,120.6329527,24.17111987,57160
7323,臺中市,110,120.6329527,24.17111987,8951
7324,臺中市,110,120.6329527,24.17111987,10682
7325,臺中市,110,120.6437618,24.19386408,45005
7326,臺中市,110,120.6437618,24.19386408,43398
7327,臺中市,110,120.6437618,24.19386408,16626
7328,臺中市,110,120.6437618,24.19386408,16167
7329,臺中市,110,120.6479505,24.1962025,44942
7330,臺中市,110,120.6479505,24.1962025,43638
7331,臺中市,110,120.6479505,24.1962025,8918
7332,臺中市,110,120.6479505,24.1962025,10232
7333,臺中市,110,120.6826479,24.201021,46902
7334,臺中市,110,120.6826479,24.201021,45475
7335,臺中市,110,120.6826479,24.201021,8149
7336,臺中市,110,120.6826479,24.201021,9339
7337,臺中市,110,120.6826479,24.201021,10621
7338,臺中市,110,120.6826479,24.201021,7920
7339,臺中市,110,120.6997074,24.20128354,44757
7340,臺中市,110,120.6997074,24.20128354,42588
7341,臺中市,110,120.6997074,24.20128354,15161
7342,臺中市,110,120.6997074,24.20128354,7941
7343,臺中市,110,120.6997074,24.20128354,5780
7344,臺中市,110,120.6997074,24.20128354,11853
7345,臺中市,110,120.7221514,24.18596171,39246
7346,臺中市,110,120.7221514,24.18596171,43173
7347,臺中市,110,120.7221514,24.18596171,9844
7348,臺中市,110,120.7221514,24.18596171,8573
7349,臺中市,110,120.7221514,24.18596171,11716
7350,臺中市,110,120.7182389,24.16017666,40272
7351,臺中市,110,120.7182389,24.16017666,38959
7352,臺中市,110,120.7182389,24.16017666,10633
7353,臺中市,110,120.7182389,24.16017666,13276
7354,臺中市,110,120.7182389,24.16017666,10456
7355,臺中市,110,120.7182389,24.16017666,11344
7356,臺中市,110,120.6826743,24.08290073,37014
7357,臺中市,110,120.6826743,24.08290073,35014
7358,臺中市,110,120.6826743,24.08290073,10022
7359,臺中市,110,120.6826743,24.08290073,7372
7360,彰化縣,110,120.5966193,24.08497656,24514
7361,彰化縣,110,120.5966193,24.08497656,25129
7362,彰化縣,110,120.5966193,24.08497656,9374
7363,彰化縣,110,120.5966193,24.08497656,9390
7364,彰化縣,110,120.5827697,24.05148047,16523
7365,彰化縣,110,120.5827697,24.05148047,21535
7366,彰化縣,110,120.5540017,24.01911413,11692
7367,彰化縣,110,120.5540017,24.01911413,11515
7368,彰化縣,110,120.489115,24.00939934,13915
7369,彰化縣,110,120.489115,24.00939934,13350
7370,彰化縣,110,120.489115,24.00939934,7550
7371,彰化縣,110,120.489115,24.00939934,7844
7372,彰化縣,110,120.5071938,23.98347757,11112
7373,彰化縣,110,120.5071938,23.98347757,11192
7374,彰化縣,110,120.5071938,23.98347757,6937
7375,彰化縣,110,120.5071938,23.98347757,4008
7376,彰化縣,110,120.5071938,23.98347757,13387
7377,彰化縣,110,120.5071938,23.98347757,5985
7378,彰化縣,110,120.5347297,23.9678289,21468
7379,彰化縣,110,120.5347297,23.9678289,21807
7380,彰化縣,110,120.5347297,23.9678289,3805
7381,彰化縣,110,120.5347297,23.9678289,9677
7382,彰化縣,110,120.5605295,23.9468076,13720
7383,彰化縣,110,120.5605295,23.9468076,13735
7384,彰化縣,110,120.5605295,23.9468076,7644
7385,彰化縣,110,120.5605295,23.9468076,12793
7386,彰化縣,110,120.5999059,23.94118131,14051
7387,彰化縣,110,120.5999059,23.94118131,14540
7388,彰化縣,110,120.5999059,23.94118131,10199
7389,彰化縣,110,120.5999059,23.94118131,7263
7390,雲林縣,110,120.47163,23.79468,"4,021"
7391,雲林縣,110,120.47163,23.79468,"4,596"
7392,雲林縣,110,120.496968,23.750205,"5,549"
7393,雲林縣,110,120.496968,23.750205,"5,538"
7394,雲林縣,110,120.483807,23.709371,"4,888"
7395,雲林縣,110,120.483807,23.709371,"5,366"
7396,雲林縣,110,120.480632,23.685332,"9,925"
7397,雲林縣,110,120.480632,23.685332,"10,636"
7398,雲林縣,110,120.471297,23.648533,"8,717"
7399,雲林縣,110,120.471297,23.648533,"7,987"
7400,嘉義縣,110,120.44403,23.59072,"9,338"
7401,嘉義縣,110,120.44403,23.59072,"9,348"
7402,嘉義縣,110,120.43619,23.53644,"17,832"
7403,嘉義縣,110,120.43619,23.53644,"16,338"
7404,嘉義市,110,120.45036,23.5,"14,075"
7405,嘉義市,110,120.45036,23.5,"14,725"
7406,嘉義市,110,120.43871,23.4806,"11,280"
7407,嘉義市,110,120.43871,23.4806,"9,284"
7408,嘉義市,110,120.42797,23.46811,"11,399"
7409,嘉義市,110,120.42797,23.46811,"8,793"
7410,嘉義縣,110,120.40892,23.44582,"15,019"
7411,嘉義縣,110,120.40892,23.44582,"13,793"
7412,嘉義縣,110,120.38186,23.40247,"7,978"
7413,嘉義縣,110,120.38186,23.40247,"8,318"
7414,台南市,110,120.33866,23.3233,"10,717"
7415,台南市,110,120.33866,23.3233,"10,977"
7416,台南市,110,120.2272,23.25988,"12,001"
7417,台南市,110,120.2272,23.25988,"12,000"
7418,台南市,110,120.31547,23.20058,"8,447"
7419,台南市,110,120.31547,23.20058,"7,959"
7420,台南市,110,120.33916,23.15722,"9,567"
7421,台南市,110,120.33916,23.15722,"8,738"
7422,台南市,110,120.31842,23.10917,"10,937"
7423,台南市,110,120.31842,23.10917,"10,476"
7424,台南市,110,120.28794,23.06549,"15,261"
7425,台南市,110,120.28794,23.06549,"16,140"
7426,台南市,110,120.27621,23.05767,"24,438"
7427,台南市,110,120.27621,23.05767,"21,553"
7428,台南市,110,120.25414,23.04192,"25,432"
7429,台南市,110,120.25414,23.04192,"25,794"
7430,台南市,110,120.24027,23.04154,"21,837"
7431,台南市,110,120.24027,23.04154,"22,173"
7432,台南市,110,120.22583,23.01875,"34,396"
7433,台南市,110,120.22583,23.01875,"28,718"
7434,台南市,110,120.23406,23.00814,"27,222"
7435,台南市,110,120.23406,23.00814,"25,640"
7436,台南市,110,120.23289,22.98497,"21,548"
7437,台南市,110,120.23289,22.98497,"19,012"
7438,台南市,110,120.22144,22.97389,"21,168"
7439,台南市,110,120.22144,22.97389,"19,527"
7440,台南市,110,120.21628,22.96467,"20,607"
7441,台南市,110,120.21628,22.96467,"15,357"
7442,台南市,110,120.22597,22.91694,"20,153"
7443,台南市,110,120.22597,22.91694,"18,539"
7444,雲林縣,110,120.519982,23.730543,"10,219"
7445,雲林縣,110,120.519982,23.730543,"10,653"
7446,雲林縣,110,120.490098,23.683992,"10,765"
7447,雲林縣,110,120.490098,23.683992,"10,630"
7448,雲林縣,110,120.633538,23.771975,"3,048"
7449,雲林縣,110,120.633538,23.771975,"3,361"
7450,雲林縣,110,120.56393,23.71537,"12,262"
7451,雲林縣,110,120.56393,23.71537,"12,349"
7452,雲林縣,110,120.537725,23.67521,"12,412"
7453,雲林縣,110,120.537725,23.67521,"13,069"
7454,雲林縣,110,120.549655,23.625463,"4,349"
7455,雲林縣,110,120.549655,23.625463,"4,435"
7456,雲林縣,110,120.53809,23.61193,"3,036"
7457,雲林縣,110,120.53809,23.61193,"3,077"
7458,嘉義縣,110,120.54088,23.59025,"6,984"
7459,嘉義縣,110,120.54088,23.59025,"6,181"
7460,嘉義縣,110,120.55875,23.58172,"4,028"
7461,嘉義縣,110,120.55875,23.58172,"4,108"
7462,嘉義縣,110,120.54613,23.52497,"2,677"
7463,嘉義縣,110,120.54613,23.52497,"2,602"
7464,嘉義縣,110,120.53536,23.50041,"8,627"
7465,嘉義縣,110,120.53536,23.50041,"8,842"
7466,嘉義縣,110,120.53025,23.45358,"4,362"
7467,嘉義縣,110,120.53025,23.45358,"4,356"
7468,嘉義縣,110,120.51744,23.4168,"3,784"
7469,嘉義縣,110,120.51744,23.4168,"3,803"
7470,嘉義縣,110,120.52688,23.38436,"2,247"
7471,嘉義縣,110,120.52688,23.38436,"2,131"
7472,嘉義縣,110,120.61263,23.30677,970
7473,嘉義縣,110,120.61263,23.30677,931
7474,嘉義縣,110,120.55477,23.22575,730
7475,嘉義縣,110,120.55477,23.22575,714
7476,臺南市,110,120.491,23.18613,929
7477,臺南市,110,120.491,23.18613,947
7478,臺南市,110,120.47775,23.13522,"6,232"
7479,臺南市,110,120.47775,23.13522,"4,396"
7480,臺南市,110,120.47602,23.11175,"4,751"
7481,臺南市,110,120.47602,23.11175,"4,650"
7482,臺南市,110,120.48425,23.4741,"2,926"
7483,臺南市,110,120.48425,23.4741,"2,971"
7484,臺南市,110,120.47391,23.3041,"3,486"
7485,臺南市,110,120.47391,23.3041,"3,594"
7486,雲林縣,110,120.244575,23.739673,"3,636"
7487,雲林縣,110,120.244575,23.739673,"3,389"
7488,雲林縣,110,120.18121,23.67974,"1,997"
7489,雲林縣,110,120.18121,23.67974,"1,797"
7490,雲林縣,110,120.17103,23.64008,"1,741"
7491,雲林縣,110,120.17103,23.64008,"1,534"
7492,雲林縣,110,120.16981,23.55447,"1,286"
7493,雲林縣,110,120.16981,23.55447,"1,379"
7494,嘉義縣,110,120.17022,23.49503,957
7495,嘉義縣,110,120.17022,23.49503,"1,058"
7496,嘉義縣,110,120.17228,23.38756,"3,106"
7497,嘉義縣,110,120.17228,23.38756,"3,138"
7498,嘉義縣,110,120.17228,23.38756,"1,459"
7499,嘉義縣,110,120.17228,23.38756,"1,430"
7500,台南市,110,120.13605,23.22938,"3,021"
7501,台南市,110,120.13605,23.22938,"3,502"
7502,台南市,110,120.13286,23.12917,"6,858"
7503,台南市,110,120.13286,23.12917,"7,180"
7504,台南市,110,120.13547,23.08156,"13,829"
7505,台南市,110,120.13547,23.08156,"13,112"
7506,台南市,110,120.1654,23.03242,"21,579"
7507,台南市,110,120.1654,23.03242,"18,190"
7508,台南市,110,120.18488,23.01125,"29,785"
7509,台南市,110,120.18488,23.01125,"25,537"
7510,台南市,110,120.18449,22.97746,"21,145"
7511,台南市,110,120.18449,22.97746,"16,541"
7512,台南市,110,120.17862,22.95089,"18,887"
7513,台南市,110,120.17862,22.95089,"18,000"
7514,台南市,110,120.17696,22.91608,"8,564"
7515,台南市,110,120.17696,22.91608,"8,246"
7516,嘉義縣,110,120.38211,23.48644,"6,654"
7517,嘉義縣,110,120.38211,23.48644,"6,778"
7518,嘉義縣,110,120.38211,23.48644,"8,544"
7519,嘉義縣,110,120.38211,23.48644,"8,495"
7520,嘉義縣,110,120.45838,23.45716,"25,264"
7521,嘉義縣,110,120.45838,23.45716,"26,775"
7522,嘉義縣,110,120.46755,23.45116,"6,611"
7523,嘉義縣,110,120.46755,23.45116,"6,550"
7524,嘉義縣,110,120.51505,23.44219,"6,493"
7525,嘉義縣,110,120.51505,23.44219,"5,674"
7526,嘉義縣,110,120.57875,23.44755,"4,498"
7527,嘉義縣,110,120.57875,23.44755,"4,347"
7528,嘉義縣,110,120.6498,23.40669,"3,709"
7529,嘉義縣,110,120.6498,23.40669,"3,756"
7530,嘉義縣,110,120.69644,23.47233,"4,812"
7531,嘉義縣,110,120.69644,23.47233,"5,467"
7532,嘉義縣,110,120.75483,23.49225,"1,490"
7533,嘉義縣,110,120.75483,23.49225,"1,643"
7534,雲林縣,110,120.36334,23.77211,"2,006"
7535,雲林縣,110,120.36334,23.77211,"1,783"
7536,雲林縣,110,120.345341,23.73888,"4,173"
7537,雲林縣,110,120.345341,23.73888,"3,865"
7538,雲林縣,110,120.318977,23.68148,"5,484"
7539,雲林縣,110,120.318977,23.68148,"5,177"
7540,雲林縣,110,120.30622,23.60589,"4,855"
7541,雲林縣,110,120.30622,23.60589,"4,645"
7542,雲林縣,110,120.29897,23.57503,"6,252"
7543,雲林縣,110,120.29897,23.57503,"7,172"
7544,雲林縣,110,120.29,23.53378,"3,585"
7545,雲林縣,110,120.29,23.53378,"3,459"
7546,嘉義縣,110,120.2443,23.47317,"8,779"
7547,嘉義縣,110,120.2443,23.47317,"9,142"
7548,嘉義縣,110,120.24633,23.42194,"3,720"
7549,嘉義縣,110,120.24633,23.42194,"3,457"
7550,嘉義縣,110,120.25586,23.34786,"2,386"
7551,嘉義縣,110,120.25586,23.34786,"2,430"
7552,台南市,110,120.20333,23.25277,"5,884"
7553,台南市,110,120.20333,23.25277,"5,974"
7554,台南市,110,120.188,23.2028,"7,180"
7555,台南市,110,120.188,23.2028,"8,142"
7556,台南市,110,120.1905,23.14511,"12,439"
7557,台南市,110,120.1905,23.14511,"11,640"
7558,台南市,110,120.20347,23.11142,"23,275"
7559,台南市,110,120.20347,23.11142,"22,986"
7560,台南市,110,120.288,23.14675,"17,829"
7561,台南市,110,120.288,23.14675,"18,605"
7562,台南市,110,120.21539,23.02575,"27,308"
7563,台南市,110,120.21539,23.02575,"29,305"
7564,台南市,110,120.27155,23.30975,"5,802"
7565,台南市,110,120.27155,23.30975,"5,266"
7566,台南市,110,120.27305,23.25547,"3,389"
7567,台南市,110,120.27305,23.25547,"3,253"
7568,台南市,110,120.26947,23.22102,"7,350"
7569,台南市,110,120.26947,23.22102,"7,312"
7570,台南市,110,120.25556,23.17519,"12,160"
7571,台南市,110,120.25556,23.17519,"14,311"
7572,台南市,110,120.288,23.14675,"8,784"
7573,台南市,110,120.288,23.14675,"9,664"
7574,台南市,110,120.29486,23.09719,"9,590"
7575,台南市,110,120.29486,23.09719,"8,989"
7576,台南市,110,120.30367,23.04544,"9,905"
7577,台南市,110,120.30367,23.04544,"9,065"
7578,台南市,110,120.32469,22.97219,"2,651"
7579,台南市,110,120.32469,22.97219,"2,824"
7580,台南市,110,120.32469,22.97219,"8,932"
7581,台南市,110,120.32469,22.97219,"8,786"
7582,台南市,110,120.34311,22.9285,"3,656"
7583,台南市,110,120.34311,22.9285,"3,719"
7584,台南市,110,120.20956,22.99558,"10,862"
7585,台南市,110,120.20956,22.99558,"9,267"
7586,台南市,110,120.21297,23.00069,"24,877"
7587,台南市,110,120.21297,23.00069,"30,146"
7588,台南市,110,120.22628,23.01119,"18,620"
7589,台南市,110,120.22628,23.01119,"23,379"
7590,台南市,110,120.28342,23.03261,"25,328"
7591,台南市,110,120.28342,23.03261,"24,656"
7592,台南市,110,120.28342,23.03261,"13,378"
7593,台南市,110,120.28342,23.03261,"14,094"
7594,台南市,110,120.28342,23.03261,"14,114"
7595,台南市,110,120.28342,23.03261,"14,602"
7596,台南市,110,120.33597,23.06365,"8,560"
7597,台南市,110,120.33597,23.06365,"8,700"
7598,臺南市,110,120.39433,23.5933,"5,835"
7599,臺南市,110,120.39433,23.5933,"5,942"
7600,臺南市,110,120.45808,23.1193,"5,903"
7601,臺南市,110,120.45808,23.1193,"5,764"
7602,臺南市,110,120.49722,23.7441,"2,245"
7603,臺南市,110,120.49722,23.7441,"2,393"
7604,臺南市,110,120.45786,23.4608,"2,008"
7605,臺南市,110,120.45786,23.4608,"2,215"
7606,嘉義縣,110,120.32528,23.49036,"3,857"
7607,嘉義縣,110,120.32528,23.49036,"3,801"
7608,嘉義縣,110,120.32256,23.43708,"4,742"
7609,嘉義縣,110,120.32256,23.43708,"4,972"
7610,台南市,110,120.28579,23.00671,"10,370"
7611,台南市,110,120.28579,23.00671,"10,085"
7612,台南市,110,120.27193,22.9685,"8,812"
7613,台南市,110,120.27193,22.9685,"9,097"
7614,台南市,110,120.29371,22.90994,"4,707"
7615,台南市,110,120.29371,22.90994,"4,712"
7616,雲林縣,110,120.27816,23.79417,"11,581"
7617,雲林縣,110,120.27816,23.79417,"11,372"
7618,雲林縣,110,120.224981,23.73375,"9,254"
7619,雲林縣,110,120.224981,23.73375,"9,668"
7620,嘉義縣,110,120.16985,23.669496,"8,683"
7621,嘉義縣,110,120.16985,23.669496,"9,147"
7622,雲林縣,110,120.15367,23.5895,"7,868"
7623,雲林縣,110,120.15367,23.5895,"7,709"
7624,雲林縣,110,120.17361,23.5525,"9,809"
7625,雲林縣,110,120.17361,23.5525,"9,310"
7626,雲林縣,110,120.17186,23.50225,"9,849"
7627,雲林縣,110,120.17186,23.50225,"10,120"
7628,嘉義縣,110,120.16186,23.42586,"10,964"
7629,嘉義縣,110,120.16186,23.42586,"11,505"
7630,嘉義縣,110,120.15558,23.42586,"9,140"
7631,嘉義縣,110,120.15558,23.42586,"10,073"
7632,台南市,110,120.131,23.28522,"6,748"
7633,台南市,110,120.131,23.28522,"7,192"
7634,台南市,110,120.11211,23.25505,"3,564"
7635,台南市,110,120.11211,23.25505,"3,653"
7636,台南市,110,120.97,23.20311,"3,078"
7637,台南市,110,120.97,23.20311,"3,256"
7638,雲林縣,110,120.255475,23.684565,"4,081"
7639,雲林縣,110,120.255475,23.684565,"3,583"
7640,雲林縣,110,120.32324,23.6879,"8,054"
7641,雲林縣,110,120.32324,23.6879,"8,163"
7642,雲林縣,110,120.450408,23.674842,"19,552"
7643,雲林縣,110,120.450408,23.674842,"20,713"
7644,雲林縣,110,120.52491,23.664353,"15,218"
7645,雲林縣,110,120.52491,23.664353,"15,158"
7646,雲林縣,110,120.544152,23.671107,"11,310"
7647,雲林縣,110,120.544152,23.671107,"10,691"
7648,嘉義縣,110,120.18967,23.45222,"8,199"
7649,嘉義縣,110,120.18967,23.45222,"8,267"
7650,嘉義縣,110,120.25967,23.45222,"12,073"
7651,嘉義縣,110,120.25967,23.45222,"10,280"
7652,嘉義縣,110,120.32269,23.42861,"11,216"
7653,嘉義縣,110,120.32269,23.42861,"12,162"
7654,嘉義縣,110,120.44503,23.42944,"14,031"
7655,嘉義縣,110,120.44503,23.42944,"14,528"
7656,嘉義縣,110,120.455,23.43281,"8,747"
7657,嘉義縣,110,120.455,23.43281,"9,792"
7658,台南市,110,120.20928,23.24027,"12,222"
7659,台南市,110,120.20928,23.24027,"12,046"
7660,台南市,110,120.30272,23.18069,"7,462"
7661,台南市,110,120.30272,23.18069,"7,419"
7662,台南市,110,120.36788,23.1453,"6,571"
7663,台南市,110,120.36788,23.1453,"6,525"
7664,台南市,110,120.4355,23.13744,"8,256"
7665,台南市,110,120.4355,23.13744,"7,802"
7666,台南市,110,120.29371,22.90994,"13,761"
7667,台南市,110,120.29371,22.90994,"14,002"
7668,台南市,110,120.20979,22.92728,"19,651"
7669,台南市,110,120.20979,22.92728,"18,585"
7670,台南市,110,120.28579,23.00671,"33,015"
7671,台南市,110,120.28579,23.00671,"36,214"
7672,台南市,110,120.27193,22.9685,"30,004"
7673,台南市,110,120.27193,22.9685,"28,325"
7674,台南市,110,120.29371,22.90994,"17,853"
7675,台南市,110,120.29371,22.90994,"17,922"
7676,台南市,110,120.31644,22.97389,"15,345"
7677,台南市,110,120.31644,22.97389,"14,247"
7678,嘉義縣,110,120.4807,23.45118,"12,605"
7679,嘉義縣,110,120.4807,23.45118,"12,728"
7680,嘉義縣,110,120.49472,23.44583,"15,170"
7681,嘉義縣,110,120.49472,23.44583,"15,945"
7682,台南市,110,120.09211,23.17529,"2,841"
7683,台南市,110,120.09211,23.17529,"2,924"
7684,台南市,110,120.08631,23.10283,"2,477"
7685,台南市,110,120.08631,23.10283,"2,826"
7686,台南市,110,120.13,23.283,"3,947"
7687,台南市,110,120.13,23.283,"4,145"
7688,台南市,110,120.13849,23.27456,"9,852"
7689,台南市,110,120.13849,23.27456,"8,820"
7690,嘉義縣,110,120.15306,23.58823,0
7691,嘉義縣,110,120.15306,23.58823,"2,314"
7692,嘉義縣,110,120.1516,23.57456,"2,993"
7693,嘉義縣,110,120.1516,23.57456,0
7694,嘉義縣,110,120.15136,23.57449,0
7695,嘉義縣,110,120.15136,23.57449,"3,118"
7696,宜蘭縣,110,121.88503,24.93471,"7,047"
7697,宜蘭縣,110,121.88503,24.93471,"10,240"
7698,宜蘭縣,110,121.83052,24.86754,"6,899"
7699,宜蘭縣,110,121.83052,24.86754,"6,887"
7700,宜蘭縣,110,121.82097,24.72411,"2,985"
7701,宜蘭縣,110,121.82097,24.72411,"3,009"
7702,宜蘭縣,110,121.85409,24.61105,"5,950"
7703,宜蘭縣,110,121.85409,24.61105,"6,021"
7704,宜蘭縣,110,121.83519,24.59854,"3,453"
7705,宜蘭縣,110,121.83519,24.59854,"4,250"
7706,宜蘭縣,110,121.80381,24.84314,"7,762"
7707,宜蘭縣,110,121.80381,24.84314,"7,880"
7708,宜蘭縣,110,121.48731,24.62989,252
7709,宜蘭縣,110,121.48731,24.62989,620
7710,宜蘭縣,110,121.50041,24.60478,255
7711,宜蘭縣,110,121.50041,24.60478,603
7712,宜蘭縣,110,121.53798,24.62445,"1,863"
7713,宜蘭縣,110,121.53798,24.62445,"2,276"
7714,宜蘭縣,110,121.60978,24.67383,"2,376"
7715,宜蘭縣,110,121.60978,24.67383,"2,527"
7716,宜蘭縣,110,121.71591,24.72881,"3,707"
7717,宜蘭縣,110,121.71591,24.72881,"3,668"
7718,宜蘭縣,110,121.74965,24.75581,"2,712"
7719,宜蘭縣,110,121.74965,24.75581,"2,994"
7720,宜蘭縣,110,121.78301,24.74752,"5,437"
7721,宜蘭縣,110,121.78301,24.74752,"5,675"
7722,宜蘭縣,110,121.47931,24.57514,"1,027"
7723,宜蘭縣,110,121.47931,24.57514,"1,070"
7724,宜蘭縣,110,121.36361,24.4304,669
7725,宜蘭縣,110,121.36361,24.4304,724
7726,宜蘭縣,110,121.60919,24.63256,595
7727,宜蘭縣,110,121.60919,24.63256,683
7728,宜蘭縣,110,121.72907,24.66959,"6,312"
7729,宜蘭縣,110,121.72907,24.66959,"6,625"
7730,宜蘭縣,110,121.77417,24.67499,"3,940"
7731,宜蘭縣,110,121.77417,24.67499,"3,997"
7732,宜蘭縣,110,121.81501,24.66881,"6,914"
7733,宜蘭縣,110,121.81501,24.66881,"6,239"
7734,宜蘭縣,110,121.67099,24.7494,455
7735,宜蘭縣,110,121.67099,24.7494,468
7736,宜蘭縣,110,121.74687,24.75655,"3,096"
7737,宜蘭縣,110,121.74687,24.75655,"3,695"
7738,花蓮縣,110,121.38497,24.19203,455
7739,花蓮縣,110,121.38497,24.19203,427
7740,花蓮縣,110,121.62172,24.1555,"2,466"
7741,花蓮縣,110,121.62172,24.1555,"2,666"
7742,宜蘭縣,110,121.79408,24.84941,"1,035"
7743,宜蘭縣,110,121.79408,24.84941,"1,246"
7744,宜蘭縣,110,121.77736,24.83022,"8,499"
7745,宜蘭縣,110,121.77736,24.83022,"8,255"
7746,宜蘭縣,110,121.76425,24.77353,"3,269"
7747,宜蘭縣,110,121.76425,24.77353,"3,503"
7748,宜蘭縣,110,121.76997,24.69239,"4,813"
7749,宜蘭縣,110,121.76997,24.69239,"4,823"
7750,宜蘭縣,110,121.76997,24.69239,"6,973"
7751,宜蘭縣,110,121.76997,24.69239,"7,337"
7752,宜蘭縣,110,121.83511,24.59681,"8,558"
7753,宜蘭縣,110,121.83511,24.59681,"9,512"
7754,宜蘭縣,110,121.84617,24.59438,"5,212"
7755,宜蘭縣,110,121.84617,24.59438,"5,297"
7756,宜蘭縣,110,121.80512,24.46669,"3,845"
7757,宜蘭縣,110,121.80512,24.46669,"4,066"
7758,宜蘭縣,110,121.77866,24.45587,"4,635"
7759,宜蘭縣,110,121.77866,24.45587,"4,478"
7760,宜蘭縣,110,121.75285,24.29711,"5,736"
7761,宜蘭縣,110,121.75285,24.29711,"5,571"
7762,花蓮縣,110,121.65433,24.17002,"4,781"
7763,花蓮縣,110,121.65433,24.17002,"4,767"
7764,花蓮縣,110,121.64306,24.13222,"14,494"
7765,花蓮縣,110,121.64306,24.13222,"14,855"
7766,花蓮縣,110,121.616,24.10219,"9,621"
7767,花蓮縣,110,121.616,24.10219,"10,511"
7768,花蓮縣,110,121.61366,24.00712,"10,524"
7769,花蓮縣,110,121.61366,24.00712,"11,647"
7770,花蓮縣,110,121.61264,23.98064,"11,016"
7771,花蓮縣,110,121.61264,23.98064,"14,147"
7772,花蓮縣,110,121.59425,23.98064,"9,525"
7773,花蓮縣,110,121.59425,23.98064,"8,634"
7774,花蓮縣,110,121.52123,23.88208,"9,773"
7775,花蓮縣,110,121.52123,23.88208,"9,073"
7776,花蓮縣,110,121.47025,23.81516,"7,846"
7777,花蓮縣,110,121.47025,23.81516,"8,183"
7778,花蓮縣,110,121.44485,23.73713,"7,481"
7779,花蓮縣,110,121.44485,23.73713,"6,699"
7780,花蓮縣,110,121.44485,23.73713,"8,120"
7781,花蓮縣,110,121.44485,23.73713,"7,480"
7782,花蓮縣,110,121.40885,23.69187,"6,814"
7783,花蓮縣,110,121.40885,23.69187,"6,480"
7784,花蓮縣,110,121.32297,23.32561,"5,917"
7785,花蓮縣,110,121.32297,23.32561,"5,898"
7786,花蓮縣,110,121.33296,23.29918,"7,386"
7787,花蓮縣,110,121.33296,23.29918,"6,911"
7788,花蓮縣,110,121.24219,23.16596,"5,235"
7789,花蓮縣,110,121.24219,23.16596,"6,115"
7790,花蓮縣,110,121.58792,23.97422,"11,107"
7791,花蓮縣,110,121.58792,23.97422,"9,143"
7792,花蓮縣,110,121.50572,23.91494,1033
7793,花蓮縣,110,121.50572,23.91494,1104
7794,宜蘭縣,110,121.85743,24.59444,533
7795,宜蘭縣,110,121.85743,24.59444,541
7796,宜蘭縣,110,121.77854,24.44897,259
7797,宜蘭縣,110,121.77854,24.44897,226
7798,花蓮縣,110,121.60142,23.9235,"5,460"
7799,花蓮縣,110,121.60142,23.9235,"5,045"
7800,花蓮縣,110,121.56353,23.78609,"1,131"
7801,花蓮縣,110,121.56353,23.78609,"1,297"
7802,花蓮縣,110,121.54717,23.70493,"1,493"
7803,花蓮縣,110,121.54717,23.70493,"1,369"
7804,花蓮縣,110,121.52359,23.60112,"1,707"
7805,花蓮縣,110,121.52359,23.60112,"1,851"
7806,花蓮縣,110,121.51859,23.56757,"1,477"
7807,花蓮縣,110,121.51859,23.56757,"1,717"
7808,花蓮縣,110,121.48808,23.46663,"1,477"
7809,花蓮縣,110,121.48808,23.46663,"1,341"
7810,花蓮縣,110,121.42979,23.66387,"3,371"
7811,花蓮縣,110,121.42979,23.66387,"3,690"
7812,花蓮縣,110,121.45782,23.65629,578
7813,花蓮縣,110,121.45782,23.65629,563
7814,花蓮縣,110,121.59046,23.92485,"14,296"
7815,花蓮縣,110,121.59046,23.92485,"12,939"
7816,花蓮縣,110,121.4735,23.81539,"5,083"
7817,花蓮縣,110,121.4735,23.81539,"4,718"
7818,花蓮縣,110,121.30642,24.17856,811
7819,花蓮縣,110,121.30642,24.17856,818
7820,花蓮縣,110,121.25228,23.17297,"1,028"
7821,花蓮縣,110,121.25228,23.17297,898
7822,花蓮縣,110,121.35838,23.2673,"1,247"
7823,花蓮縣,110,121.35838,23.2673,"1,239"
